"drug","casrn.x","dtxsid","dtxcid","preferredName","hasStructureImage","smiles","isMarkush","searchName","searchValue","rank","isDuplicate","QSAR_Ready_SMILES","Canonical_SMILES","surr.pod.gen","surr.pod.repdev","pod.gen","lb.gen","ub.gen","cum_freq.gen","pod.repdev","lb.repdev","ub.repdev","cum_freq.repdev","casrn.y","Name","pod.min","pod.min.lb"
"alfuzosin","81403-80-7","DTXSID6048549","DTXCID6028105","Alfuzosin",1,"COC1=CC2=C(C=C1OC)C(N)=NC(=N2)N(C)CCCNC(=O)C1CCCO1",FALSE,"Integrated Source Name","ALFUZOSIN",16,FALSE,NA,NA,NA,NA,NA,NA,NA,NA,NA,NA,NA,NA,NA,NA,NA,NA
"aliskiren","173334-57-1","DTXSID40891494","DTXCID401030595","Aliskiren",1,"COCCCOC1=C(OC)C=CC(C[C@@H](C[C@H](N)[C@@H](O)C[C@@H](C(C)C)C(=O)NCC(C)(C)C(N)=O)C(C)C)=C1",FALSE,"Integrated Source Name","ALISKIREN",16,FALSE,NA,NA,NA,NA,NA,NA,NA,NA,NA,NA,NA,NA,NA,NA,NA,NA
"alogliptin","850649-61-5","DTXSID90234130","DTXCID90156621","Alogliptin",1,"CN1C(=O)C=C(N2CCC[C@@H](N)C2)N(CC2=CC=CC=C2C#N)C1=O",FALSE,"Approved Name","ALOGLIPTIN",9,FALSE,NA,NA,NA,NA,NA,NA,NA,NA,NA,NA,NA,NA,NA,NA,NA,NA
"alosetron","122852-42-0","DTXSID6044278","DTXCID4024278","Alosetron",1,"CN1C2=C(C3=CC=CC=C13)C(=O)N(CC1=C(C)N=CN1)CC2",FALSE,"Integrated Source Name","ALOSETRON",16,FALSE,NA,NA,NA,NA,NA,NA,NA,NA,NA,NA,NA,NA,NA,NA,NA,NA
"alvimopan","156053-89-3","DTXSID60166035","DTXCID7088526","Alvimopan",1,"C[C@H]1CN(C[C@H](CC2=CC=CC=C2)C(=O)NCC(O)=O)CC[C@@]1(C)C1=CC(O)=CC=C1",FALSE,"Approved Name","ALVIMOPAN",9,FALSE,NA,NA,NA,NA,NA,NA,NA,NA,NA,NA,NA,NA,NA,NA,NA,NA
"ambrisentan","177036-94-1","DTXSID4046282","DTXCID2026282","Ambrisentan",1,"COC([C@H](OC1=NC(C)=CC(C)=N1)C(O)=O)(C1=CC=CC=C1)C1=CC=CC=C1",FALSE,"Approved Name","AMBRISENTAN",9,FALSE,NA,NA,NA,NA,NA,NA,NA,NA,NA,NA,NA,NA,NA,NA,NA,NA
"apremilast","608141-41-9","DTXSID30976289","DTXCID101478388","Apremilast",1,"CCOC1=C(OC)C=CC(=C1)[C@@H](CS(C)(=O)=O)N1C(=O)C2=CC=CC(NC(C)=O)=C2C1=O",FALSE,"Approved Name","APREMILAST",9,FALSE,"CC(=O)CC1C=CC=C2C=1C(=O)N(C(CS(C)(=O)=O)C1=CC(OCC)=C(C=C1)OC)C2=O","CCOc1cc([C@@H](CS(C)(=O)=O)N2C(=O)c3cccc(NC(C)=O)c3C2=O)ccc1OC",NA,NA,18.9980654,1.386045972,260.4000849,0.751808974,36.02928295,3.989893773,325.3493211,0.612654233,"608141-41-9","Apremilast",18.9980654,1.386045972
"avanafil","330784-47-9","DTXSID50186727","DTXCID90109218","Avanafil",1,"COC1=C(Cl)C=C(CNC2=NC(=NC=C2C(=O)NCC2=NC=CC=N2)N2CCC[C@H]2CO)C=C1",FALSE,"Integrated Source Name","AVANAFIL",16,FALSE,NA,NA,NA,NA,NA,NA,NA,NA,NA,NA,NA,NA,NA,NA,NA,NA
"brexpiprazole","913611-97-9","DTXSID40238527","DTXCID90161018","Brexpiprazole",1,"O=C1NC2=C(C=C1)C=CC(OCCCCN1CCN(CC1)C1=C3C=CSC3=CC=C1)=C2",FALSE,"Approved Name","BREXPIPRAZOLE",9,FALSE,NA,NA,NA,NA,NA,NA,NA,NA,NA,NA,NA,NA,NA,NA,NA,NA
"brivaracetam","357336-20-0","DTXSID00905081","DTXCID601334183","(2S)-2-((4R)-2-Oxo-4-propylpyrrolidin-1-yl)butanamide",1,"CCC[C@H]1CN([C@@H](CC)C(N)=O)C(=O)C1",FALSE,"Integrated Source Name","BRIVARACETAM",16,FALSE,NA,NA,NA,NA,NA,NA,NA,NA,NA,NA,NA,NA,NA,NA,NA,NA
"candesartan","139481-59-7","DTXSID0022725","DTXCID202725","Candesartan",1,"CCOC1=NC2=CC=CC(C(O)=O)=C2N1CC1=CC=C(C=C1)C1=C(C=CC=C1)C1=NN=NN1",FALSE,"Integrated Source Name","CANDESARTAN",16,FALSE,NA,NA,NA,NA,NA,NA,NA,NA,NA,NA,NA,NA,NA,NA,NA,NA
"carbamazepine","298-46-4","DTXSID4022731","DTXCID902731","Carbamazepine",1,"NC(=O)N1C2=CC=CC=C2C=CC2=CC=CC=C12",FALSE,"Integrated Source Name","CARBAMAZEPINE",16,FALSE,NA,NA,NA,NA,NA,NA,NA,NA,NA,NA,NA,NA,NA,NA,NA,NA
"cariprazine","839712-12-8","DTXSID80232867","DTXCID101510663","Cariprazine",1,"CN(C)C(=O)N[C@H]1CC[C@H](CCN2CCN(CC2)C2=C(Cl)C(Cl)=CC=C2)CC1",FALSE,"Synonym","CARIPRAZINE",15,FALSE,NA,NA,NA,NA,NA,NA,NA,NA,NA,NA,NA,NA,NA,NA,NA,NA
"celecoxib","169590-42-5","DTXSID0022777","DTXCID502777","Celecoxib",1,"CC1=CC=C(C=C1)C1=CC(=NN1C1=CC=C(C=C1)S(N)(=O)=O)C(F)(F)F",FALSE,"Integrated Source Name","CELECOXIB",16,FALSE,"CC1C=CC(=CC=1)C1=CC(=NN1C1C=CC(=CC=1)S(N)(=O)=O)C(F)(F)F","Cc1ccc(-c2cc(C(F)(F)F)nn2-c2ccc(S(N)(=O)=O)cc2)cc1",NA,3.157044675071,6.827010195,0.498079661,93.57552979,0.440491155,NA,NA,NA,0.0368836184947596,"169590-42-5","Celecoxib",6.827010195,0.498079661
"cevimeline","107233-08-9","DTXSID2023777","DTXCID501768381","Cevimeline",1,"C[C@@H]1O[C@@]2(CS1)CN1CCC2CC1",FALSE,"Expert Validated Synonym","CEVIMELINE",10,FALSE,"CC1OC2(CN3CCC2CC3)CS1","C[C@@H]1O[C@@]2(CS1)CN1CCC2CC1",NA,NA,3.450560656,0.251743301,47.29567295,0.17382706,9.341276691,1.034455827,84.3529979,0.160949553,"","Cevimeline",3.450560656,0.251743301
"cinacalcet","226256-56-0","DTXSID8048286","DTXCID3028261","Cinacalcet",1,"C[C@@H](NCCCC1=CC=CC(=C1)C(F)(F)F)C1=CC=CC2=CC=CC=C12",FALSE,"Approved Name","CINACALCET",9,FALSE,NA,NA,NA,NA,NA,NA,NA,NA,NA,NA,NA,NA,NA,NA,NA,NA
"citalopram","59729-33-8","DTXSID8022826","DTXCID802826","Citalopram",1,"CN(C)CCCC1(OCC2=CC(=CC=C12)C#N)C1=CC=C(F)C=C1",FALSE,"Integrated Source Name","CITALOPRAM",16,FALSE,NA,NA,NA,NA,NA,NA,NA,NA,NA,NA,NA,NA,NA,NA,NA,NA
"colesevelam","182815-43-6","DTXSID701026103",NA,"Colesevelam",0,NA,TRUE,"Synonym","COLESEVELAM",15,FALSE,NA,NA,NA,NA,NA,NA,NA,NA,NA,NA,NA,NA,NA,NA,NA,NA
"crofelemer","148465-45-6","DTXSID50858715",NA,"Crofelemer",0,NA,TRUE,"Approved Name","CROFELEMER",9,FALSE,NA,NA,NA,NA,NA,NA,NA,NA,NA,NA,NA,NA,NA,NA,NA,NA
"darifenacin","133099-04-4","DTXSID2048290","DTXCID3028265","Darifenacin",1,"NC(=O)C([C@@H]1CCN(CCC2=CC3=C(OCC3)C=C2)C1)(C1=CC=CC=C1)C1=CC=CC=C1",FALSE,"Integrated Source Name","DARIFENACIN",16,FALSE,NA,NA,NA,NA,NA,NA,NA,NA,NA,NA,NA,NA,NA,NA,NA,NA
"desloratadine","100643-71-8","DTXSID1044196","DTXCID9024196","Desloratadine",1,"ClC1=CC=C2C(CCC3=C(N=CC=C3)C2=C2CCNCC2)=C1",FALSE,"Integrated Source Name","DESLORATADINE",16,FALSE,NA,NA,NA,NA,NA,NA,NA,NA,NA,NA,NA,NA,NA,NA,NA,NA
"desvenlafaxine","93413-62-8","DTXSID40869118","DTXCID00216346","O-Desmethylvenlafaxine",1,"CN(C)CC(C1=CC=C(O)C=C1)C1(O)CCCCC1",FALSE,"Synonym","DESVENLAFAXINE",15,FALSE,NA,NA,NA,NA,NA,NA,NA,NA,NA,NA,NA,NA,NA,NA,NA,NA
"dofetilide","115256-11-6","DTXSID5046433","DTXCID3026433","Dofetilide",1,"CN(CCOC1=CC=C(NS(C)(=O)=O)C=C1)CCC1=CC=C(NS(C)(=O)=O)C=C1",FALSE,"Approved Name","DOFETILIDE",9,FALSE,NA,NA,NA,NA,NA,NA,NA,NA,NA,NA,NA,NA,NA,NA,NA,NA
"dronedarone","141626-36-0","DTXSID3048653","DTXCID6028579","Dronedarone",1,"CCCCN(CCCC)CCCOC1=CC=C(C=C1)C(=O)C1=C(CCCC)OC2=CC=C(NS(C)(=O)=O)C=C12",FALSE,"Integrated Source Name","DRONEDARONE",16,FALSE,NA,NA,NA,NA,NA,NA,NA,NA,NA,NA,NA,NA,NA,NA,NA,NA
"duloxetine","116539-59-4","DTXSID6048385","DTXCID7028358","Duloxetine",1,"CNCC[C@H](OC1=C2C=CC=CC2=CC=C1)C1=CC=CS1",FALSE,"Integrated Source Name","DULOXETINE",16,FALSE,NA,NA,NA,NA,NA,NA,NA,NA,NA,NA,NA,NA,NA,NA,NA,NA
"eliglustat","491833-29-5","DTXSID20964175","DTXCID301391881","N-[(1R,2R)-2-(2,3-Dihydro-1,4-benzodioxin-6-yl)-2-hydroxy-1-(1-pyrrolidinylmethyl)ethyl]octanamide",1,"CCCCCCCC(=O)N[C@H](CN1CCCC1)[C@H](O)C1=CC2=C(OCCO2)C=C1",FALSE,"Expert Validated Synonym","ELIGLUSTAT",10,FALSE,NA,NA,NA,NA,NA,NA,NA,NA,NA,NA,NA,NA,NA,NA,NA,NA
"eltrombopag","496775-61-2","DTXSID5057753","DTXCID6031542","Eltrombopag",1,"CC1=NN(C(=O)\C1=N\NC1=CC=CC(C2=CC=CC(=C2)C(O)=O)=C1O)C1=CC=C(C)C(C)=C1",FALSE,"Approved Name","ELTROMBOPAG",9,FALSE,NA,NA,NA,NA,NA,NA,NA,NA,NA,NA,NA,NA,NA,NA,NA,NA
"empagliflozin","864070-44-0","DTXSID601026093","DTXCID901510350","Empagliflozin",1,"OC[C@H]1O[C@H]([C@H](O)[C@@H](O)[C@@H]1O)C1=CC(CC2=CC=C(O[C@H]3CCOC3)C=C2)=C(Cl)C=C1",FALSE,"Approved Name","EMPAGLIFLOZIN",9,FALSE,NA,NA,NA,NA,NA,NA,NA,NA,NA,NA,NA,NA,NA,NA,NA,NA
"enzalutamide","915087-33-1","DTXSID10912307","DTXCID301341329","Enzalutamide",1,"CNC(=O)C1=C(F)C=C(C=C1)N1C(=S)N(C(=O)C1(C)C)C1=CC(=C(C=C1)C#N)C(F)(F)F",FALSE,"Approved Name","ENZALUTAMIDE",9,FALSE,"CC1(C)C(=O)N(C(=S)N1C1=CC(F)=C(C=C1)C(=O)NC)C1C=CC(C#N)=C(C=1)C(F)(F)F","CNC(=O)c1ccc(N2C(=S)N(c3ccc(C#N)c(C(F)(F)F)c3)C(=O)C2(C)C)cc1F",NA,NA,16.3630385,1.193801744,224.2826586,0.713959283,71.37823424,7.904447409,644.5551548,0.831717474,"915087-33-1","Enzalutamide",16.3630385,1.193801744
"eplerenone","107724-20-9","DTXSID2046094","DTXCID0026094","Eplerenone",1,"[H][C@@]12C[C@@]3(C)[C@@]([H])(CC[C@@]33CCC(=O)O3)[C@]3([H])[C@@H](CC4=CC(=O)CC[C@]4(C)[C@@]13O2)C(=O)OC",FALSE,"Integrated Source Name","EPLERENONE",16,FALSE,NA,NA,NA,NA,NA,NA,NA,NA,NA,NA,NA,NA,NA,NA,NA,NA
"erlotinib","183321-74-6","DTXSID8046454","DTXCID6026454","Erlotinib",1,"COCCOC1=CC2=NC=NC(NC3=CC=CC(=C3)C#C)=C2C=C1OCCOC",FALSE,"Approved Name","ERLOTINIB",9,FALSE,NA,NA,NA,NA,NA,NA,NA,NA,NA,NA,NA,NA,NA,NA,NA,NA
"eszopiclone","138729-47-2","DTXSID8046086","DTXCID6026086","Eszopiclone",1,"CN1CCN(CC1)C(=O)O[C@@H]1N(C(=O)C2=NC=CN=C12)C1=NC=C(Cl)C=C1",FALSE,"Integrated Source Name","ESZOPICLONE",16,FALSE,"CN1CCN(CC1)C(=O)OC1C2=NC=CN=C2C(=O)N1C1C=CC(Cl)=CN=1","CN1CCN(C(=O)O[C@H]2c3nccnc3C(=O)N2c2ccc(Cl)cn2)CC1",NA,NA,3.772481731,0.275229767,51.70813673,0.203304567,21.93560383,2.429155452,198.0814834,0.468384331,"138729-47-2","Eszopiclone",3.772481731,0.275229767
"everolimus","159351-69-6","DTXSID0040599","DTXCID8020599","Everolimus",1,"[H][C@@]12CC[C@@H](C)[C@@](O)(O1)C(=O)C(=O)N1CCCC[C@@]1([H])C(=O)O[C@@]([H])(CC(=O)[C@H](C)\C=C(C)\[C@@H](O)[C@@H](OC)C(=O)[C@H](C)C[C@H](C)\C=C\C=C\C=C(C)\[C@H](C2)OC)[C@H](C)C[C@@H]1CC[C@@H](OCCO)[C@@H](C1)OC",FALSE,"Integrated Source Name","EVEROLIMUS",16,FALSE,NA,NA,NA,NA,NA,NA,NA,NA,NA,NA,NA,NA,NA,NA,NA,NA
"febuxostat","144060-53-7","DTXSID8048650","DTXCID1028576","Febuxostat",1,"CC(C)COC1=CC=C(C=C1C#N)C1=NC(C)=C(S1)C(O)=O",FALSE,"Approved Name","FEBUXOSTAT",9,FALSE,NA,NA,NA,NA,NA,NA,NA,NA,NA,NA,NA,NA,NA,NA,NA,NA
"fedratinib","936091-26-8","DTXSID90239483","DTXCID10161974","Fedratinib",1,"CC1=CN=C(NC2=CC=C(OCCN3CCCC3)C=C2)N=C1NC1=CC(=CC=C1)S(=O)(=O)NC(C)(C)C",FALSE,"Expert Validated Synonym","FEDRATINIB",10,FALSE,NA,NA,NA,NA,NA,NA,NA,NA,NA,NA,NA,NA,NA,NA,NA,NA
"fesoterodine","286930-02-7","DTXSID80182853","DTXCID20105344","Fesoterodine",1,"CC(C)N(CC[C@H](C1=CC=CC=C1)C1=C(OC(=O)C(C)C)C=CC(CO)=C1)C(C)C",FALSE,"Integrated Source Name","FESOTERODINE",16,FALSE,NA,NA,NA,NA,NA,NA,NA,NA,NA,NA,NA,NA,NA,NA,NA,NA
"finasteride","98319-26-7","DTXSID3020625","DTXCID50625","Finasteride",1,"CC(C)(C)NC(=O)[C@H]1CC[C@H]2[C@@H]3CC[C@H]4NC(=O)C=C[C@]4(C)[C@H]3CC[C@]12C",FALSE,"Integrated Source Name","FINASTERIDE",16,FALSE,"CC(C)(C)NC(=O)C1CCC2C3CCC4NC(=O)C=CC4(C)C3CCC21C","CC(C)(C)NC(=O)[C@H]1CC[C@H]2[C@@H]3CC[C@H]4NC(=O)C=C[C@]4(C)[C@H]3CC[C@]12C",NA,NA,3.8263805,0.279162071,52.44690901,0.208327629,8.830051568,0.977842601,79.73656557,0.142940706,"98319-26-7","Finasteride",3.8263805,0.279162071
"fingolimod","162359-55-9","DTXSID40167363","DTXCID0089854","Fingolimod",1,"CCCCCCCCC1=CC=C(CCC(N)(CO)CO)C=C1",FALSE,"Integrated Source Name","FINGOLIMOD",16,FALSE,NA,NA,NA,NA,NA,NA,NA,NA,NA,NA,NA,NA,NA,NA,NA,NA
"galantamine","357-70-0","DTXSID2045606","DTXCID0025606","Galanthamine",1,"[H][C@]12C[C@@H](O)C=C[C@]11CCN(C)CC3=C1C(O2)=C(OC)C=C3",FALSE,"Synonym","GALANTAMINE",15,FALSE,NA,NA,NA,NA,NA,NA,NA,NA,NA,NA,NA,NA,NA,NA,NA,NA
"ivabradine","155974-00-8","DTXSID2048240","DTXCID3028215","Ivabradine",1,"COC1=C(OC)C=C2[C@@H](CN(C)CCCN3CCC4=CC(OC)=C(OC)C=C4CC3=O)CC2=C1",FALSE,"Approved Name","IVABRADINE",9,FALSE,NA,NA,NA,NA,NA,NA,NA,NA,NA,NA,NA,NA,NA,NA,NA,NA
"lamivudine","134678-17-4","DTXSID7023194","DTXCID001508532","Lamivudine",1,"NC1=NC(=O)N(C=C1)[C@@H]1CS[C@H](CO)O1",FALSE,"Integrated Source Name","LAMIVUDINE",16,FALSE,"NC1C=CN(C2CSC(CO)O2)C(=O)N=1","Nc1ccn([C@@H]2CS[C@H](CO)O2)c(=O)n1",NA,NA,6.058565542,0.442016078,83.0427177,0.392282954,29.76913935,3.296643562,268.8193737,0.555673098,"134678-17-4","Lamivudine",6.058565542,0.442016078
"lanthanum","7439-91-0","DTXSID0064676","DTXCID8047638","Lanthanum",1,"[La]",FALSE,"Integrated Source Name","LANTHANUM",16,FALSE,NA,NA,NA,NA,NA,NA,NA,NA,NA,NA,NA,NA,NA,NA,NA,NA
"lenalidomide","191732-72-6","DTXSID8046664","DTXCID6026664","Lenalidomide",1,"NC1=C2CN(C3CCC(=O)NC3=O)C(=O)C2=CC=C1",FALSE,"Approved Name","LENALIDOMIDE",9,FALSE,NA,NA,NA,NA,NA,NA,NA,NA,NA,NA,NA,NA,NA,NA,NA,NA
"lenvatinib","417716-92-8","DTXSID50194605","DTXCID50117096","Lenvatinib",1,"COC1=CC2=NC=CC(OC3=CC(Cl)=C(NC(=O)NC4CC4)C=C3)=C2C=C1C(N)=O",FALSE,"Approved Name","LENVATINIB",9,FALSE,"COC1=CC2=NC=CC(OC3=CC(Cl)=C(C=C3)NC(=O)NC3CC3)=C2C=C1C(N)=O","COc1cc2nccc(Oc3ccc(NC(=O)NC4CC4)c(Cl)c3)c2cc1C(N)=O",NA,NA,27.29350107,1.991257869,374.1028283,0.830199105,80.23979387,8.885779223,724.5762424,0.862789268,"","Lenvatinib",27.29350107,1.991257869
"levetiracetam","102767-28-2","DTXSID9023207","DTXCID503207","Levetiracetam",1,"CC[C@H](N1CCCC1=O)C(N)=O",FALSE,"Integrated Source Name","LEVETIRACETAM",16,FALSE,NA,NA,NA,NA,NA,NA,NA,NA,NA,NA,NA,NA,NA,NA,NA,NA
"levocetirizine","130018-77-8","DTXSID60156294","DTXCID1078785","Levocetirizine",1,"OC(=O)COCCN1CCN(CC1)[C@H](C1=CC=CC=C1)C1=CC=C(Cl)C=C1",FALSE,"Expert Validated Synonym","LEVOCETIRIZINE",10,FALSE,NA,NA,NA,NA,NA,NA,NA,NA,NA,NA,NA,NA,NA,NA,NA,NA
"linagliptin","668270-12-0","DTXSID201021653","DTXCID801506661","Linagliptin",1,"[H]N([H])[C@@]1([H])C([H])([H])N(C2=NC3=C(N2C([H])([H])C#CC([H])([H])[H])C(=O)N(C(=O)N3C([H])([H])[H])C([H])([H])C2=NC3=C([H])C([H])=C([H])C([H])=C3C(=N2)C([H])([H])[H])C([H])([H])C([H])([H])C1([H])[H]",FALSE,"Approved Name","LINAGLIPTIN",9,FALSE,NA,NA,NA,NA,NA,NA,NA,NA,NA,NA,NA,NA,NA,NA,NA,NA
"lisdexamfetamine","608137-32-2","DTXSID00209652","DTXCID50132143","Lisdexamfetamine",1,"C[C@@H](CC1=CC=CC=C1)NC(=O)[C@@H](N)CCCCN",FALSE,"Integrated Source Name","LISDEXAMFETAMINE",16,FALSE,NA,NA,NA,NA,NA,NA,NA,NA,NA,NA,NA,NA,NA,NA,NA,NA
"lorcaserin","616202-92-7","DTXSID3048659","DTXCID0028585","Lorcaserin",1,"C[C@H]1CNCCC2=CC=C(Cl)C=C12",FALSE,"Integrated Source Name","LORCASERIN",16,FALSE,NA,NA,NA,NA,NA,NA,NA,NA,NA,NA,NA,NA,NA,NA,NA,NA
"macitentan","441798-33-0","DTXSID50196063","DTXCID60118554","Macitentan",1,"CCCNS(=O)(=O)NC1=C(C(OCCOC2=NC=C(Br)C=N2)=NC=N1)C1=CC=C(Br)C=C1",FALSE,"Approved Name","MACITENTAN",9,FALSE,NA,NA,NA,NA,NA,NA,NA,NA,NA,NA,NA,NA,NA,NA,NA,NA
"maraviroc","376348-65-1","DTXSID8048949","DTXCID701508557","Maraviroc",1,"CC(C)C1=NN=C(C)N1[C@@H]1C[C@@H]2CC[C@H](C1)N2CC[C@H](NC(=O)C1CCC(F)(F)CC1)C1=CC=CC=C1",FALSE,"Integrated Source Name","MARAVIROC",16,FALSE,NA,NA,NA,NA,NA,NA,NA,NA,NA,NA,NA,NA,NA,NA,NA,NA
"meloxicam","71125-38-7","DTXSID1020803","DTXCID70803","Meloxicam",1,"CN1C(C(=O)NC2=NC=C(C)S2)=C(O)C2=CC=CC=C2S1(=O)=O",FALSE,"Integrated Source Name","MELOXICAM",16,FALSE,"CC1=CN=C(NC(=O)C2C(=O)C3=CC=CC=C3S(=O)(=O)N2C)S1","Cc1cnc(NC(=O)C2=C(O)c3ccccc3S(=O)(=O)N2C)s1",NA,NA,16.79924076,1.225625847,230.2615361,0.72092262,9.72440014,1.076883035,87.81265471,0.175143809,"71125-38-7","Meloxicam",9.72440014,1.076883035
"memantine","19982-08-2","DTXSID5045174","DTXCID3025174","Memantine",1,"CC12CC3CC(C)(C1)CC(N)(C3)C2",FALSE,"Integrated Source Name","MEMANTINE",16,FALSE,"CC12CC3CC(N)(CC(C)(C3)C1)C2","CC12CC3CC(C)(C1)CC(N)(C3)C2",NA,NA,7.224410476,0.52707288,99.02256162,0.461783162,11.67824819,1.293252763,105.4561681,0.249680769,"19982-08-2","Memantine",7.224410476,0.52707288
"midostaurin","120685-11-2","DTXSID40923522","DTXCID201352375","4'-N-Benzoylstaurosporine",1,"[H][C@]12O[C@](C)(N3C4=CC=CC=C4C4=C5CN=C(O)C5=C5C6=CC=CC=C6N1C5=C34)[C@](C)(OC)[C@]2([H])N(C)C(=O)C1=CC=CC=C1",FALSE,"Expert Validated Synonym","MIDOSTAURIN",10,FALSE,"CN(C1C2OC(C)(N3C4=C5C(=C6C(O)=NCC6=C4C4=CC=CC=C34)C3=CC=CC=C3N52)C1(C)OC)C(=O)C1C=CC=CC=1","CO[C@]1(C)[C@H](N(C)C(=O)c2ccccc2)[C@H]2O[C@]1(C)n1c3ccccc3c3c4c(c5c6ccccc6n2c5c31)C(O)=NC4",NA,NA,0.572685372,0.041781531,7.84960554,0.012867551,3.595289774,0.398143485,32.46595522,0.040454565,"120685-11-2","4'-N-Benzoylstaurosporine",0.572685372,0.041781531
"miltefosine","58066-85-6","DTXSID7045942","DTXCID5025942","Miltefosine",1,"CCCCCCCCCCCCCCCCOP([O-])(=O)OCC[N+](C)(C)C",FALSE,"Integrated Source Name","MILTEFOSINE",16,FALSE,NA,NA,NA,NA,NA,NA,NA,NA,NA,NA,NA,NA,NA,NA,NA,NA
"mirabegron","223673-61-8","DTXSID101021648","DTXCID401506657","Mirabegron",1,"[H]OC([H])(C1=C([H])C([H])=C([H])C([H])=C1[H])C([H])([H])N([H])C([H])([H])C([H])([H])C1=C([H])C([H])=C(N([H])C(=O)C([H])([H])C2=C([H])SC(=N2)N([H])[H])C([H])=C1[H]",FALSE,"Approved Name","MIRABEGRON",9,FALSE,NA,NA,NA,NA,NA,NA,NA,NA,NA,NA,NA,NA,NA,NA,NA,NA
"modafinil","68693-11-8","DTXSID0023329","DTXCID103329","Modafinil",1,"NC(=O)CS(=O)C(C1=CC=CC=C1)C1=CC=CC=C1",FALSE,"Integrated Source Name","MODAFINIL",16,FALSE,NA,NA,NA,NA,NA,NA,NA,NA,NA,NA,NA,NA,NA,NA,NA,NA
"montelukast","158966-92-8","DTXSID9023334","DTXCID403334","Montelukast",1,"CC(C)(O)C1=C(CC[C@@H](SCC2(CC(O)=O)CC2)C2=CC(\C=C\C3=NC4=C(C=CC(Cl)=C4)C=C3)=CC=C2)C=CC=C1",FALSE,"Integrated Source Name","MONTELUKAST",16,FALSE,"CC(C)(O)C1C=CC=CC=1CCC(SCC1(CC(O)=O)CC1)C1=CC(C=CC2C=CC3=CC=C(Cl)C=C3N=2)=CC=C1","CC(C)(O)c1ccccc1CC[C@@H](SCC1(CC(=O)O)CC1)c1cccc(/C=C/c2ccc3ccc(Cl)cc3n2)c1",NA,NA,19.02215701,1.387803629,260.7303006,0.752142518,27.99722837,3.100421601,252.8187767,0.538041354,"158966-92-8","Montelukast",19.02215701,1.387803629
"naldemedine","916072-89-4","DTXSID501030350","DTXCID601515444","Naldemedine",1,"CC(C)(NC(=O)C1=C(O)[C@@H]2OC3=C(O)C=CC4=C3[C@@]22CCN(CC3CC3)[C@H](C4)[C@]2(O)C1)C1=NC(=NO1)C1=CC=CC=C1",FALSE,"Approved Name","NALDEMEDINE",9,FALSE,NA,NA,NA,NA,NA,NA,NA,NA,NA,NA,NA,NA,NA,NA,NA,NA
"naloxegol","854601-70-0","DTXSID80234684","DTXCID10157175","Naloxegol",1,"COCCOCCOCCOCCOCCOCCOCCO[C@H]1CC[C@@]2(O)[C@H]3CC4=C5C(O[C@@H]1[C@@]25CCN3CC=C)=C(O)C=C4",FALSE,"Integrated Source Name","NALOXEGOL",16,FALSE,NA,NA,NA,NA,NA,NA,NA,NA,NA,NA,NA,NA,NA,NA,NA,NA
"naratriptan","121679-13-8","DTXSID7023354","DTXCID003354","Naratriptan",1,"CNS(=O)(=O)CCC1=CC=C2NC=C(C3CCN(C)CC3)C2=C1",FALSE,"Integrated Source Name","NARATRIPTAN",16,FALSE,NA,NA,NA,NA,NA,NA,NA,NA,NA,NA,NA,NA,NA,NA,NA,NA
"nateglinide","105816-04-4","DTXSID9040687","DTXCID7020687","Nateglinide",1,"CC(C)[C@H]1CC[C@@H](CC1)C(=O)N[C@H](CC1=CC=CC=C1)C(O)=O",FALSE,"Integrated Source Name","NATEGLINIDE",16,FALSE,NA,NA,NA,NA,NA,NA,NA,NA,NA,NA,NA,NA,NA,NA,NA,NA
"nebivolol","99200-09-6","DTXSID9040556","DTXCID7020556","Nebivolol",1,"OC(CNCC(O)C1CCC2=C(O1)C=CC(F)=C2)C1CCC2=CC(F)=CC=C2O1",FALSE,"Integrated Source Name","NEBIVOLOL",16,FALSE,NA,NA,NA,NA,NA,NA,NA,NA,NA,NA,NA,NA,NA,NA,NA,NA
"olaparib","763113-22-0","DTXSID60917988","DTXCID001346944","Olaparib",1,"FC1=C(C=C(CC2=NNC(=O)C3=CC=CC=C23)C=C1)C(=O)N1CCN(CC1)C(=O)C1CC1",FALSE,"Approved Name","OLAPARIB",9,FALSE,NA,NA,NA,NA,NA,NA,NA,NA,NA,NA,NA,NA,NA,NA,NA,NA
"orlistat","96829-58-2","DTXSID8023395","DTXCID40820067","Orlistat",1,"CCCCCCCCCCC[C@@H](C[C@@H]1OC(=O)[C@H]1CCCCCC)OC(=O)[C@H](CC(C)C)NC=O",FALSE,"Expert Validated Synonym","ORLISTAT",10,FALSE,"CC(C)CC(NC=O)C(=O)OC(CC1OC(=O)C1CCCCCC)CCCCCCCCCCC","CCCCCCCCCCC[C@@H](C[C@@H]1OC(=O)[C@H]1CCCCCC)OC(=O)[C@H](CC(C)C)NC=O",NA,NA,16.05267715,1.171158643,220.02864,0.708907596,117.4955282,13.0114906,1061.000586,0.932396508,"96829-58-2","Orlistat",16.05267715,1.171158643
"osimertinib","1421373-65-0","DTXSID501025961","DTXCID401510212","Osimertinib",1,"COC1=C(NC2=NC=CC(=N2)C2=CN(C)C3=CC=CC=C23)C=C(NC(=O)C=C)C(=C1)N(C)CCN(C)C",FALSE,"Synonym","OSIMERTINIB",15,FALSE,NA,NA,NA,NA,NA,NA,NA,NA,NA,NA,NA,NA,NA,NA,NA,NA
"oxcarbazepine","28721-07-5","DTXSID0045703","DTXCID8025703","Oxcarbazepine",1,"NC(=O)N1C2=CC=CC=C2CC(=O)C2=CC=CC=C12",FALSE,"Integrated Source Name","OXCARBAZEPINE",16,FALSE,NA,NA,NA,NA,NA,NA,NA,NA,NA,NA,NA,NA,NA,NA,NA,NA
"paliperidone","144598-75-4","DTXSID7049059","DTXCID30210372","Paliperidone",1,"CC1=C(CCN2CCC(CC2)C2=NOC3=CC(F)=CC=C23)C(=O)N2CCCC(O)C2=N1",FALSE,"Synonym","PALIPERIDONE",15,FALSE,NA,NA,NA,NA,NA,NA,NA,NA,NA,NA,NA,NA,NA,NA,NA,NA
"pazopanib","444731-52-6","DTXSID8048733","DTXCID1028659","Pazopanib",1,"CN(C1=CC2=NN(C)C(C)=C2C=C1)C1=NC(NC2=CC(=C(C)C=C2)S(N)(=O)=O)=NC=C1",FALSE,"Approved Name","PAZOPANIB",9,FALSE,NA,NA,NA,NA,NA,NA,NA,NA,NA,NA,NA,NA,NA,NA,NA,NA
"perampanel","380917-97-5","DTXSID80191501","DTXCID50113992","Perampanel",1,"O=C1N(C=C(C=C1C1=CC=CC=C1C#N)C1=CC=CC=N1)C1=CC=CC=C1",FALSE,"Approved Name","PERAMPANEL",9,FALSE,NA,NA,NA,NA,NA,NA,NA,NA,NA,NA,NA,NA,NA,NA,NA,NA
"pimavanserin","706779-91-1","DTXSID90990906","DTXCID70206052","Pimavanserin",1,"CC(C)COC1=CC=C(CNC(=O)N(CC2=CC=C(F)C=C2)C2CCN(C)CC2)C=C1",FALSE,"Approved Name","PIMAVANSERIN",9,FALSE,NA,NA,NA,NA,NA,NA,NA,NA,NA,NA,NA,NA,NA,NA,NA,NA
"pioglitazone","111025-46-8","DTXSID3037129","DTXCID1017129","Pioglitazone",1,"CCC1=CN=C(CCOC2=CC=C(CC3SC(=O)NC3=O)C=C2)C=C1",FALSE,"Integrated Source Name","PIOGLITAZONE",16,FALSE,"CCC1=CN=C(CCOC2C=CC(CC3SC(=O)NC3=O)=CC=2)C=C1","CCc1ccc(CCOc2ccc(CC3SC(=O)NC3=O)cc2)nc1",NA,NA,11.85683522,0.865041695,162.5176476,0.623210628,15.06491688,1.668293485,136.0382466,0.353614339,"111025-46-8","Pioglitazone",11.85683522,0.865041695
"pirfenidone","53179-13-8","DTXSID4045183","DTXCID2025183","5-methyl-1-phenyl-2(1H)-Pyridone",1,"CC1=CN(C(=O)C=C1)C1=CC=CC=C1",FALSE,"Synonym","PIRFENIDONE",15,FALSE,NA,NA,NA,NA,NA,NA,NA,NA,NA,NA,NA,NA,NA,NA,NA,NA
"plecanatide","467426-54-6","DTXSID60196933","DTXCID00119424","Plecanatide",1,"CC(C)C[C@H](NC(=O)[C@@H]1CSSC[C@@H]2NC(=O)[C@H](CC(C)C)NC(=O)[C@H](CCC(O)=O)NC(=O)[C@H](CSSC[C@H](NC(=O)[C@H](C)NC(=O)[C@@H](NC(=O)[C@H](CC(N)=O)NC(=O)[C@@H](NC2=O)C(C)C)C(C)C)C(=O)N[C@@H]([C@@H](C)O)C(=O)NCC(=O)N1)NC(=O)[C@H](CCC(O)=O)NC(=O)[C@H](CC(O)=O)NC(=O)[C@@H](N)CC(N)=O)C(O)=O",FALSE,"Approved Name","PLECANATIDE",9,FALSE,"CC(O)C1NC(=O)C2CSSCC(NC(=O)C(CCC(O)=O)NC(=O)C(CC(O)=O)NC(=O)C(N)CC(N)=O)C(=O)NC(CCC(O)=O)C(=O)NC(CC(C)C)C(=O)NC(CSSCC(NC(=O)CNC1=O)C(=O)NC(CC(C)C)C(O)=O)C(=O)NC(C(C)C)C(=O)NC(CC(N)=O)C(=O)NC(C(C)C)C(=O)NC(C)C(=O)N2","CC(C)C[C@H](NC(=O)[C@@H]1CSSC[C@@H]2NC(=O)[C@H](CC(C)C)NC(=O)[C@H](CCC(=O)O)NC(=O)[C@@H](NC(=O)[C@H](CCC(=O)O)NC(=O)[C@H](CC(=O)O)NC(=O)[C@@H](N)CC(N)=O)CSSC[C@H](NC(=O)[C@H](C)NC(=O)[C@H](C(C)C)NC(=O)[C@H](CC(N)=O)NC(=O)[C@H](C(C)C)NC2=O)C(=O)N[C@@H]([C@@H](C)O)C(=O)NCC(=O)N1)C(=O)O",NA,NA,72.90186748,5.318717336,999.2413483,0.963249259,190.2160188,21.06457988,1717.676498,0.983098816,"467426-54-6","Plecanatide",72.90186748,5.318717336
"pregabalin","148553-50-8","DTXSID1045950","DTXCID9025950","Pregabalin",1,"CC(C)C[C@H](CN)CC(O)=O",FALSE,"Integrated Source Name","PREGABALIN",16,FALSE,"CC(C)CC(CC(O)=O)CN","CC(C)C[C@H](CN)CC(=O)O",NA,NA,36.59495579,2.669866116,501.5947359,0.880959908,65.1770565,7.217727096,588.5576771,0.804533699,"148553-50-8","Pregabalin",36.59495579,2.669866116
"raloxifene","84449-90-1","DTXSID3023550","DTXCID803550","Raloxifene",1,"OC1=CC=C(C=C1)C1=C(C(=O)C2=CC=C(OCCN3CCCCC3)C=C2)C2=CC=C(O)C=C2S1",FALSE,"Integrated Source Name","RALOXIFENE",16,FALSE,NA,NA,NA,NA,NA,NA,NA,NA,NA,NA,NA,NA,NA,NA,NA,NA
"ranolazine","95635-55-5","DTXSID3045196","DTXCID1025196","Ranolazine",1,"COC1=C(OCC(O)CN2CCN(CC(=O)NC3=C(C)C=CC=C3C)CC2)C=CC=C1",FALSE,"Approved Name","RANOLAZINE",9,FALSE,NA,NA,NA,NA,NA,NA,NA,NA,NA,NA,NA,NA,NA,NA,NA,NA
"regorafenib","755037-03-7","DTXSID60226441","DTXCID60148932","Regorafenib",1,"CNC(=O)C1=NC=CC(OC2=CC(F)=C(NC(=O)NC3=CC(=C(Cl)C=C3)C(F)(F)F)C=C2)=C1",FALSE,"Integrated Source Name","REGORAFENIB",16,FALSE,NA,NA,NA,NA,NA,NA,NA,NA,NA,NA,NA,NA,NA,NA,NA,NA
"riociguat","625115-55-1","DTXSID50978109","DTXCID901405436","Riociguat",1,"COC(=O)N(C)C1=C(N)N=C(N=C1N)C1=NN(CC2=CC=CC=C2F)C2=C1C=CC=N2",FALSE,"Approved Name","RIOCIGUAT",9,FALSE,NA,NA,NA,NA,NA,NA,NA,NA,NA,NA,NA,NA,NA,NA,NA,NA
"ripretinib","1442472-39-0","DTXSID201027956","DTXCID101513524","Ripretinib",1,"CCN1C(=O)C(=CC2=CN=C(NC)C=C12)C1=C(Br)C=C(F)C(NC(=O)NC2=CC=CC=C2)=C1",FALSE,"Approved Name","RIPRETINIB",9,FALSE,NA,NA,NA,NA,NA,NA,NA,NA,NA,NA,NA,NA,NA,NA,NA,NA
"risedronate","105462-24-6","DTXSID2023563","DTXCID303563","Risedronic acid",1,"OC(CC1=CC=CN=C1)(P(O)(O)=O)P(O)(O)=O",FALSE,"Integrated Source Name","RISEDRONATE",16,FALSE,NA,NA,NA,NA,NA,NA,NA,NA,NA,NA,NA,NA,NA,NA,NA,NA
"ritonavir","155213-67-5","DTXSID1048627","DTXCID8028553","Ritonavir",1,"CC(C)[C@H](NC(=O)N(C)CC1=CSC(=N1)C(C)C)C(=O)N[C@H](C[C@H](O)[C@H](CC1=CC=CC=C1)NC(=O)OCC1=CN=CS1)CC1=CC=CC=C1",FALSE,"Integrated Source Name","RITONAVIR",16,FALSE,NA,NA,NA,NA,NA,NA,NA,NA,NA,NA,NA,NA,NA,NA,NA,NA
"rivastigmine","123441-03-2","DTXSID7023564","DTXCID703564","Rivastigmine",1,"CCN(C)C(=O)OC1=CC(=CC=C1)[C@H](C)N(C)C",FALSE,"Integrated Source Name","RIVASTIGMINE",16,FALSE,"CN(C)C(C)C1C=C(C=CC=1)OC(=O)N(C)CC","CCN(C)C(=O)Oc1cccc([C@H](C)N(C)C)c1",NA,NA,1.575220291,0.114923688,21.59101408,0.040009011,6.2247218,0.689327589,56.21008373,0.073874852,"123441-03-2","Rivastigmine",1.575220291,0.114923688
"ropinirole","91374-21-9","DTXSID8045195","DTXCID6025195","Ropinirole",1,"CCCN(CCC)CCC1=C2CC(=O)NC2=CC=C1",FALSE,"Integrated Source Name","ROPINIROLE",16,FALSE,"CCCN(CCC)CCC1C=CC=C2NC(=O)CC=12","CCCN(CCC)CCc1cccc2c1CC(=O)N2",NA,NA,2.498729038,0.182300316,34.24923749,0.093743077,5.822198759,0.644752065,52.57524598,0.066680025,"91374-21-9","Ropinirole",2.498729038,0.182300316
"rosuvastatin","287714-41-4","DTXSID8048492","DTXCID90820057","Rosuvastatin",1,"CC(C)C1=C(\C=C\[C@@H](O)C[C@@H](O)CC(O)=O)C(=NC(=N1)N(C)S(C)(=O)=O)C1=CC=C(F)C=C1",FALSE,"Integrated Source Name","ROSUVASTATIN",16,FALSE,NA,NA,NA,NA,NA,NA,NA,NA,NA,NA,NA,NA,NA,NA,NA,NA
"ruxolitinib","941678-49-5","DTXSID10240930","DTXCID40163421","Ruxolitinib",1,"N#CC[C@H](C1CCCC1)N1C=C(C=N1)C1=C2C=CNC2=NC=N1",FALSE,"Approved Name","RUXOLITINIB",9,FALSE,NA,NA,NA,NA,NA,NA,NA,NA,NA,NA,NA,NA,NA,NA,NA,NA
"silodosin","160970-54-7","DTXSID40167045","DTXCID3089536","Silodosin",1,"C[C@H](CC1=CC2=C(N(CCCO)CC2)C(=C1)C(N)=O)NCCOC1=CC=CC=C1OCC(F)(F)F",FALSE,"Integrated Source Name","SILODOSIN",16,FALSE,NA,NA,NA,NA,NA,NA,NA,NA,NA,NA,NA,NA,NA,NA,NA,NA
"solifenacin","242478-37-1","DTXSID3048289","DTXCID8028264","Solifenacin",1,"O=C(O[C@H]1CN2CCC1CC2)N1CCC2=CC=CC=C2[C@@H]1C1=CC=CC=C1",FALSE,"Integrated Source Name","SOLIFENACIN",16,FALSE,NA,NA,NA,NA,NA,NA,NA,NA,NA,NA,NA,NA,NA,NA,NA,NA
"sorafenib","284461-73-0","DTXSID7041128","DTXCID5021128","Sorafenib",1,"CNC(=O)C1=CC(OC2=CC=C(NC(=O)NC3=CC=C(Cl)C(=C3)C(F)(F)F)C=C2)=CC=N1",FALSE,"Integrated Source Name","SORAFENIB",16,FALSE,"CNC(=O)C1=CC(=CC=N1)OC1C=CC(=CC=1)NC(=O)NC1C=C(C(Cl)=CC=1)C(F)(F)F","CNC(=O)c1cc(Oc2ccc(NC(=O)Nc3ccc(Cl)c(C(F)(F)F)c3)cc2)ccn1",NA,NA,35.47257813,2.587980566,486.2106833,0.875996585,110.7031755,12.25930339,999.6647182,0.924420095,"284461-73-0","Sorafenib",35.47257813,2.587980566
"sunitinib","557795-19-4","DTXSID1041134","DTXCID9021134","Sunitinib",1,"CCN(CC)CCNC(=O)C1C(C)=NC(\C=C2/C(=O)NC3=CC=C(F)C=C23)=C1C",FALSE,"Approved Name","SUNITINIB",9,FALSE,NA,NA,NA,NA,NA,NA,NA,NA,NA,NA,NA,NA,NA,NA,NA,NA
"suvorexant","1030377-33-3","DTXSID90145616","DTXCID0068107","Suvorexant",1,"C[C@@H]1CCN(CCN1C(=O)C1=C(C=CC(C)=C1)N1N=CC=N1)C1=NC2=C(O1)C=CC(Cl)=C2",FALSE,"Integrated Source Name","SUVOREXANT",16,FALSE,NA,NA,NA,NA,NA,NA,NA,NA,NA,NA,NA,NA,NA,NA,NA,NA
"tadalafil","171596-29-5","DTXSID9046786","DTXCID7026786","Tadalafil",1,"CN1CC(=O)N2[C@H](CC3=C(NC4=C3C=CC=C4)[C@H]2C2=CC=C3OCOC3=C2)C1=O",FALSE,"Integrated Source Name","TADALAFIL",16,FALSE,NA,NA,NA,NA,NA,NA,NA,NA,NA,NA,NA,NA,NA,NA,NA,NA
"tamoxifen","10540-29-1","DTXSID1034187","DTXCID9014187","Tamoxifen",1,"CC\C(=C(/C1=CC=CC=C1)C1=CC=C(OCCN(C)C)C=C1)C1=CC=CC=C1",FALSE,"Integrated Source Name","TAMOXIFEN",16,FALSE,"CCC(=C(C1C=CC=CC=1)C1C=CC(=CC=1)OCCN(C)C)C1C=CC=CC=1","CC/C(=C(\c1ccccc1)c1ccc(OCCN(C)C)cc1)c1ccccc1",NA,NA,2.300241461,0.167819214,31.52863511,0.079762886,0.030056635,0.003328481,0.271415496,3.36e-05,"54965-24-1","Tamoxifen",0.030056635,0.003328481
"telmisartan","144701-48-4","DTXSID8023636","DTXCID803636","Telmisartan",1,"CCCC1=NC2=C(C=C(C=C2C)C2=NC3=CC=CC=C3N2C)N1CC1=CC=C(C=C1)C1=CC=CC=C1C(O)=O",FALSE,"Integrated Source Name","TELMISARTAN",16,FALSE,"CN1C(=NC2=CC=CC=C12)C1C=C(C)C2N=C(CCC)N(CC3=CC=C(C=C3)C3=CC=CC=C3C(O)=O)C=2C=1","CCCc1nc2c(C)cc(-c3nc4ccccc4n3C)cc2n1Cc1ccc(-c2ccccc2C(=O)O)cc1",NA,NA,19.72840854,1.439329775,270.4106524,0.760865669,21.33183342,2.362293733,192.6293546,0.460392984,"144701-48-4","Telmisartan",19.72840854,1.439329775
"tenofovir","147127-20-6","DTXSID9040132","DTXCID7020132","Tenofovir",1,"C[C@H](CN1C=NC2=C1N=CN=C2N)OCP(O)(O)=O",FALSE,"Integrated Source Name","TENOFOVIR",16,FALSE,NA,NA,NA,NA,NA,NA,NA,NA,NA,NA,NA,NA,NA,NA,NA,NA
"teriflunomide","163451-81-8","DTXSID80893457","DTXCID401323471","Teriflunomide",1,"C\C(O)=C(/C#N)C(=O)NC1=CC=C(C=C1)C(F)(F)F",FALSE,"Approved Name","TERIFLUNOMIDE",9,FALSE,NA,NA,NA,NA,NA,NA,NA,NA,NA,NA,NA,NA,NA,NA,NA,NA
"tetrabenazine","58-46-8","DTXSID0042614","DTXCID001476353","Tetrabenazine",1,"[H][C@@]12CC(=O)[C@@H](CC(C)C)CN1CCC1=C2C=C(OC)C(OC)=C1",FALSE,"Integrated Source Name","TETRABENAZINE",16,FALSE,NA,NA,NA,NA,NA,NA,NA,NA,NA,NA,NA,NA,NA,NA,NA,NA
"thalidomide","50-35-1","DTXSID9022524","DTXCID402524","Thalidomide",1,"O=C1N(C2CCC(=O)NC2=O)C(=O)C2=CC=CC=C12",FALSE,"Integrated Source Name","THALIDOMIDE",16,FALSE,"O=C1CCC(C(=O)N1)N1C(=O)C2=CC=CC=C2C1=O","O=C1CCC(N2C(=O)c3ccccc3C2=O)C(=O)N1",200.77608161849,NA,NA,NA,NA,0.998086064791663,56.08030834,6.210350433,506.412805,0.755273841,"50-35-1","Thalidomide",56.08030834,6.210350433
"tiagabine","115103-54-3","DTXSID5023663","DTXCID503663","Tiagabine",1,"CC1=C(SC=C1)C(=CCCN1CCC[C@H](C1)C(O)=O)C1=C(C)C=CS1",FALSE,"Integrated Source Name","TIAGABINE",16,FALSE,NA,NA,NA,NA,NA,NA,NA,NA,NA,NA,NA,NA,NA,NA,NA,NA
"ticagrelor","274693-27-5","DTXSID901009337","DTXCID501436166","Ticagrelor",1,"CCCSC1=NC2=C(N=NN2[C@@H]2C[C@H](OCCO)[C@@H](O)[C@H]2O)C(N[C@@H]2C[C@H]2C2=CC=C(F)C(F)=C2)=N1",FALSE,"Approved Name","TICAGRELOR",9,FALSE,NA,NA,NA,NA,NA,NA,NA,NA,NA,NA,NA,NA,NA,NA,NA,NA
"tofacitinib","477600-75-2","DTXSID90197271","DTXCID00119762","Tofacitinib",1,"C[C@@H]1CCN(C[C@@H]1N(C)C1=NC=NC2=C1C=CN2)C(=O)CC#N",FALSE,"Approved Name","TOFACITINIB",9,FALSE,NA,NA,NA,NA,NA,NA,NA,NA,NA,NA,NA,NA,NA,NA,NA,NA
"tolterodine","124937-51-5","DTXSID3023687","DTXCID703687","(R)-(+)-Tolterodine",1,"CC(C)N(CC[C@H](C1=CC=CC=C1)C1=C(O)C=CC(C)=C1)C(C)C",FALSE,"Expert Validated Synonym","TOLTERODINE",10,FALSE,NA,NA,NA,NA,NA,NA,NA,NA,NA,NA,NA,NA,NA,NA,NA,NA
"tolvaptan","150683-30-0","DTXSID3048780","DTXCID9028706","Tolvaptan",1,"CC1=CC=CC=C1C(=O)NC1=CC=C(C(=O)N2CCCC(O)C3=C2C=CC(Cl)=C3)C(C)=C1",FALSE,"Approved Name","TOLVAPTAN",9,FALSE,"CC1=CC(=CC=C1C(=O)N1CCCC(O)C2C=C(Cl)C=CC1=2)NC(=O)C1=CC=CC=C1C","Cc1ccccc1C(=O)Nc1ccc(C(=O)N2CCCC(O)c3cc(Cl)ccc32)c(C)c1",NA,NA,14.86532709,1.084532888,203.7540327,0.688186844,48.27389669,5.345866029,435.9198471,0.704827914,"150683-30-0","Tolvaptan",14.86532709,1.084532888
"topiramate","97240-79-4","DTXSID8023688","DTXCID103688","Topiramate",1,"CC1(C)O[C@@H]2CO[C@@]3(COS(N)(=O)=O)OC(C)(C)O[C@H]3[C@@H]2O1",FALSE,"Integrated Source Name","TOPIRAMATE",16,FALSE,"CC1(C)OC2C3OC(C)(C)OC3COC2(COS(N)(=O)=O)O1","CC1(C)O[C@@H]2[C@@H](CO[C@@]3(COS(N)(=O)=O)OC(C)(C)O[C@@H]23)O1",NA,NA,16.93533606,1.235554981,232.1269486,0.723063271,61.94708193,6.860038729,559.3905678,0.788356851,"97240-79-4","Topiramate",16.93533606,1.235554981
"valbenazine","1025504-45-3","DTXSID801026306","DTXCID301510540","Valbenazine",1,"[H][C@]12C[C@@H](OC(=O)[C@@H](N)C(C)C)[C@H](CC(C)C)CN1CCC1=C2C=C(OC)C(OC)=C1",FALSE,"Synonym","VALBENAZINE",15,FALSE,NA,NA,NA,NA,NA,NA,NA,NA,NA,NA,NA,NA,NA,NA,NA,NA
"vandetanib","443913-73-3","DTXSID1046681","DTXCID9026681","Vandetanib",1,"COC1=CC2=C(NC3=CC=C(Br)C=C3F)N=CN=C2C=C1OCC1CCN(C)CC1",FALSE,"Approved Name","VANDETANIB",9,FALSE,NA,NA,NA,NA,NA,NA,NA,NA,NA,NA,NA,NA,NA,NA,NA,NA
"vardenafil","224785-90-4","DTXSID3048318","DTXCID5028293","Vardenafil",1,"CCCC1=NC(C)=C2N1NC(=NC2=O)C1=CC(=CC=C1OCC)S(=O)(=O)N1CCN(CC)CC1",FALSE,"Integrated Source Name","VARDENAFIL",16,FALSE,NA,NA,NA,NA,NA,NA,NA,NA,NA,NA,NA,NA,NA,NA,NA,NA
"varenicline","249296-44-4","DTXSID70891447","DTXCID101030560","Varenicline",1,"C1[C@H]2CNC[C@@H]1C1=CC3=C(C=C21)N=CC=N3",FALSE,"Integrated Source Name","VARENICLINE",16,FALSE,NA,NA,NA,NA,NA,NA,NA,NA,NA,NA,NA,NA,NA,NA,NA,NA
"vigabatrin","68506-86-5","DTXSID4041153","DTXCID2021153","4-Amino-5-hexenoic acid",1,"NC(CCC(O)=O)C=C",FALSE,"Integrated Source Name","VIGABATRIN",16,FALSE,NA,NA,NA,NA,NA,NA,NA,NA,NA,NA,NA,NA,NA,NA,NA,NA
"vorapaxar","618385-01-6","DTXSID201009336","DTXCID801436165","Vorapaxar",1,"[H][C@@]12C[C@]3([H])C[C@@H](CC[C@@]3([H])[C@H](\C=C\C3=CC=C(C=N3)C3=CC(F)=CC=C3)[C@]1([H])[C@@H](C)OC2=O)NC(=O)OCC",FALSE,"Synonym","VORAPAXAR",15,FALSE,NA,NA,NA,NA,NA,NA,NA,NA,NA,NA,NA,NA,NA,NA,NA,NA
"vortioxetine","508233-74-7","DTXSID80965062","DTXCID801392739","Vortioxetine",1,"CC1=CC(C)=C(SC2=CC=CC=C2N2CCNCC2)C=C1",FALSE,"Synonym","VORTIOXETINE",15,FALSE,NA,NA,NA,NA,NA,NA,NA,NA,NA,NA,NA,NA,NA,NA,NA,NA
"zafirlukast","107753-78-6","DTXSID5023746","DTXCID303746","Zafirlukast",1,"COC1=C(CC2=CN(C)C3=C2C=C(NC(=O)OC2CCCC2)C=C3)C=CC(=C1)C(=O)NS(=O)(=O)C1=CC=CC=C1C",FALSE,"Approved Name","ZAFIRLUKAST",9,FALSE,"CC1=CC=CC=C1S(=O)(=O)NC(=O)C1=CC(OC)=C(CC2=CN(C)C3C=CC(=CC2=3)NC(=O)OC2CCCC2)C=C1","COc1cc(C(=O)NS(=O)(=O)c2ccccc2C)ccc1Cc1cn(C)c2ccc(NC(=O)OC3CCCC3)cc12",NA,NA,13.90043804,1.014137269,190.5286233,0.669273199,16.40909838,1.817148555,148.1763882,0.382540504,"","Zafirlukast",13.90043804,1.014137269
"zaleplon","151319-34-5","DTXSID5023748","DTXCID103748","Zaleplon",1,"CCN(C(C)=O)C1=CC=CC(=C1)C1=CC=NC2=C(C=NN12)C#N",FALSE,"Integrated Source Name","ZALEPLON",16,FALSE,"CC(=O)N(CC)C1C=C(C=CC=1)C1=CC=NC2=C(C=NN12)C#N","CCN(C(C)=O)c1cccc(-c2ccnc3c(C#N)cnn23)c1",NA,NA,8.188621402,0.597419025,112.2386761,0.506165572,12.11889865,1.34205053,109.4353017,0.265690845,"151319-34-5","Zaleplon",8.188621402,0.597419025
"zileuton","111406-87-2","DTXSID9023752","DTXCID003752","Zileuton",1,"CC(N(O)C(N)=O)C1=CC2=C(S1)C=CC=C2",FALSE,"Integrated Source Name","ZILEUTON",16,FALSE,NA,NA,NA,NA,NA,NA,NA,NA,NA,NA,NA,NA,NA,NA,NA,NA
"ziprasidone","146939-27-7","DTXSID4023753","DTXCID403753","Ziprasidone",1,"ClC1=C(CCN2CCN(CC2)C2=NSC3=CC=CC=C23)C=C2CC(=O)NC2=C1",FALSE,"Integrated Source Name","ZIPRASIDONE",16,FALSE,NA,NA,NA,NA,NA,NA,NA,NA,NA,NA,NA,NA,NA,NA,NA,NA
"zonisamide","68291-97-4","DTXSID9046023","DTXCID7026023","Zonisamide",1,"NS(=O)(=O)CC1=NOC2=C1C=CC=C2",FALSE,"Integrated Source Name","ZONISAMIDE",16,FALSE,NA,NA,NA,NA,NA,NA,NA,NA,NA,NA,NA,NA,NA,NA,NA,NA
"sodium zirconium","17141-74-1","DTXSID601026629","DTXCID501510772","Sodium zirconium cyclosilicate",1,"[Na+].[Na+].[Zr+4].[O-][Si]1([O-])O[Si]([O-])([O-])O[Si]([O-])([O-])O1",FALSE,"Approved Name","SODIUM ZIRCONIUM CYCLOSILICATE",9,FALSE,NA,NA,NA,NA,NA,NA,NA,NA,NA,NA,NA,NA,NA,NA,NA,NA
